dezena,freq_20,freq_50,freq_100,atraso_draws,atraso_score,bayes_alpha,bayes_beta,bayes_mean,bayes_var,bayes_score
1,4.0,5.0,11.0,1.0,0.023809523809523808,12.0,98.0,0.10909090909090909,0.0008755863301317847,0.1082153227607773
2,2.0,7.0,11.0,9.0,0.21428571428571427,12.0,98.0,0.10909090909090909,0.0008755863301317847,0.1082153227607773
3,0.0,2.0,7.0,28.0,0.6666666666666666,8.0,102.0,0.07272727272727272,0.0006075496984587894,0.07211972302881393
4,4.0,6.0,11.0,1.0,0.023809523809523808,12.0,98.0,0.10909090909090909,0.0008755863301317847,0.1082153227607773
5,2.0,6.0,12.0,5.0,0.11904761904761904,13.0,97.0,0.11818181818181818,0.0009388727570545753,0.1172429454247636
6,3.0,7.0,15.0,2.0,0.047619047619047616,16.0,94.0,0.14545454545454545,0.001119797483433847,0.1443347479711116
7,2.0,4.0,9.0,0.0,0.0,10.0,100.0,0.09090909090909091,0.0007445461990916537,0.09016454470999925
8,2.0,5.0,10.0,3.0,0.07142857142857142,11.0,99.0,0.1,0.0008108108108108108,0.09918918918918919
9,2.0,3.0,9.0,2.0,0.047619047619047616,10.0,100.0,0.09090909090909091,0.0007445461990916537,0.09016454470999925
10,3.0,6.0,11.0,0.0,0.0,12.0,98.0,0.10909090909090909,0.0008755863301317847,0.1082153227607773
11,4.0,10.0,13.0,6.0,0.14285714285714285,14.0,96.0,0.12727272727272726,0.0010006700915791826,0.1262720571811481
12,0.0,2.0,4.0,32.0,0.7619047619047619,5.0,105.0,0.045454545454545456,0.00039088675452311815,0.04506365870002234
13,3.0,4.0,7.0,2.0,0.047619047619047616,8.0,102.0,0.07272727272727272,0.0006075496984587894,0.07211972302881393
14,3.0,6.0,14.0,10.0,0.23809523809523808,15.0,95.0,0.13636363636363635,0.0010609783337056065,0.13530265802993074
15,2.0,4.0,10.0,8.0,0.19047619047619047,11.0,99.0,0.1,0.0008108108108108108,0.09918918918918919
16,2.0,10.0,12.0,11.0,0.2619047619047619,13.0,97.0,0.11818181818181818,0.0009388727570545753,0.1172429454247636
17,3.0,7.0,14.0,1.0,0.023809523809523808,15.0,95.0,0.13636363636363635,0.0010609783337056065,0.13530265802993074
18,2.0,4.0,10.0,6.0,0.14285714285714285,11.0,99.0,0.1,0.0008108108108108108,0.09918918918918919
19,0.0,2.0,7.0,42.0,1.0,8.0,102.0,0.07272727272727272,0.0006075496984587894,0.07211972302881393
20,2.0,3.0,7.0,4.0,0.09523809523809523,8.0,102.0,0.07272727272727272,0.0006075496984587894,0.07211972302881393
21,3.0,8.0,13.0,11.0,0.2619047619047619,14.0,96.0,0.12727272727272726,0.0010006700915791826,0.1262720571811481
22,0.0,5.0,10.0,21.0,0.5,11.0,99.0,0.1,0.0008108108108108108,0.09918918918918919
23,2.0,6.0,12.0,8.0,0.19047619047619047,13.0,97.0,0.11818181818181818,0.0009388727570545753,0.1172429454247636
24,2.0,8.0,11.0,7.0,0.16666666666666666,12.0,98.0,0.10909090909090909,0.0008755863301317847,0.1082153227607773
25,4.0,7.0,8.0,4.0,0.09523809523809523,9.0,101.0,0.08181818181818182,0.0006767924949743131,0.08114138932320751
26,0.0,1.0,5.0,21.0,0.5,6.0,104.0,0.05454545454545454,0.0004645968282331919,0.05408085771722135
27,1.0,4.0,17.0,4.0,0.09523809523809523,18.0,92.0,0.16363636363636364,0.0012329685056957785,0.16240339513066784
28,2.0,4.0,11.0,2.0,0.047619047619047616,12.0,98.0,0.10909090909090909,0.0008755863301317847,0.1082153227607773
29,0.0,2.0,5.0,23.0,0.5476190476190477,6.0,104.0,0.05454545454545454,0.0004645968282331919,0.05408085771722135
30,3.0,8.0,14.0,3.0,0.07142857142857142,15.0,95.0,0.13636363636363635,0.0010609783337056065,0.13530265802993074
31,0.0,4.0,10.0,21.0,0.5,11.0,99.0,0.1,0.0008108108108108108,0.09918918918918919
32,0.0,2.0,12.0,37.0,0.8809523809523809,13.0,97.0,0.11818181818181818,0.0009388727570545753,0.1172429454247636
33,2.0,7.0,11.0,1.0,0.023809523809523808,12.0,98.0,0.10909090909090909,0.0008755863301317847,0.1082153227607773
34,0.0,1.0,2.0,41.0,0.9761904761904762,3.0,107.0,0.02727272727272727,0.0002389993299084208,0.02703372794281885
35,3.0,7.0,11.0,5.0,0.11904761904761904,12.0,98.0,0.10909090909090909,0.0008755863301317847,0.1082153227607773
36,4.0,5.0,11.0,5.0,0.11904761904761904,12.0,98.0,0.10909090909090909,0.0008755863301317847,0.1082153227607773
37,2.0,4.0,9.0,7.0,0.16666666666666666,10.0,100.0,0.09090909090909091,0.0007445461990916537,0.09016454470999925
38,5.0,6.0,10.0,3.0,0.07142857142857142,11.0,99.0,0.1,0.0008108108108108108,0.09918918918918919
39,2.0,8.0,10.0,0.0,0.0,11.0,99.0,0.1,0.0008108108108108108,0.09918918918918919
40,3.0,6.0,13.0,0.0,0.0,14.0,96.0,0.12727272727272726,0.0010006700915791826,0.1262720571811481
41,2.0,2.0,7.0,1.0,0.023809523809523808,8.0,102.0,0.07272727272727272,0.0006075496984587894,0.07211972302881393
42,0.0,5.0,14.0,23.0,0.5476190476190477,15.0,95.0,0.13636363636363635,0.0010609783337056065,0.13530265802993074
43,5.0,10.0,15.0,0.0,0.0,16.0,94.0,0.14545454545454545,0.001119797483433847,0.1443347479711116
44,0.0,2.0,8.0,20.0,0.47619047619047616,9.0,101.0,0.08181818181818182,0.0006767924949743131,0.08114138932320751
45,0.0,3.0,9.0,38.0,0.9047619047619048,10.0,100.0,0.09090909090909091,0.0007445461990916537,0.09016454470999925
46,0.0,2.0,8.0,30.0,0.7142857142857143,9.0,101.0,0.08181818181818182,0.0006767924949743131,0.08114138932320751
47,3.0,5.0,9.0,7.0,0.16666666666666666,10.0,100.0,0.09090909090909091,0.0007445461990916537,0.09016454470999925
48,7.0,10.0,12.0,2.0,0.047619047619047616,13.0,97.0,0.11818181818181818,0.0009388727570545753,0.1172429454247636
49,2.0,4.0,10.0,13.0,0.30952380952380953,11.0,99.0,0.1,0.0008108108108108108,0.09918918918918919
50,1.0,4.0,10.0,3.0,0.07142857142857142,11.0,99.0,0.1,0.0008108108108108108,0.09918918918918919
51,2.0,5.0,8.0,12.0,0.2857142857142857,9.0,101.0,0.08181818181818182,0.0006767924949743131,0.08114138932320751
52,1.0,2.0,9.0,1.0,0.023809523809523808,10.0,100.0,0.09090909090909091,0.0007445461990916537,0.09016454470999925
53,4.0,7.0,11.0,3.0,0.07142857142857142,12.0,98.0,0.10909090909090909,0.0008755863301317847,0.1082153227607773
54,0.0,6.0,7.0,27.0,0.6428571428571429,8.0,102.0,0.07272727272727272,0.0006075496984587894,0.07211972302881393
55,3.0,5.0,8.0,7.0,0.16666666666666666,9.0,101.0,0.08181818181818182,0.0006767924949743131,0.08114138932320751
56,2.0,5.0,7.0,10.0,0.23809523809523808,8.0,102.0,0.07272727272727272,0.0006075496984587894,0.07211972302881393
57,2.0,3.0,5.0,0.0,0.0,6.0,104.0,0.05454545454545454,0.0004645968282331919,0.05408085771722135
58,1.0,8.0,18.0,14.0,0.3333333333333333,19.0,91.0,0.17272727272727273,0.0012873203782294692,0.17143995234904327
59,0.0,2.0,5.0,33.0,0.7857142857142857,6.0,104.0,0.05454545454545454,0.0004645968282331919,0.05408085771722135
60,2.0,4.0,11.0,10.0,0.23809523809523808,12.0,98.0,0.10909090909090909,0.0008755863301317847,0.1082153227607773
